round_epochs,loss,accuracy,precision,recall,f1,specificity,val_loss,val_accuracy,val_precision,val_recall,val_f1,val_specificity,lr,lr,neurons,dropout,batch_size,epochs,optimizer,activation,dense_neurons,window
21,0.6803908348083496,0.5676975846290588,0.5651425719261169,0.8672031164169312,0.6590321063995361,0.18653850257396698,0.6889670491218567,0.5650969743728638,0.5369306206703186,0.9539337754249573,0.6726329326629639,0.12282609194517136,0.00033287084,0.01,32,0,8,25,Nadam,relu,8,5
