round_epochs,loss,accuracy,precision,recall,f1,specificity,val_loss,val_accuracy,val_precision,val_recall,val_f1,val_specificity,lr,lr,neurons,dropout,batch_size,epochs,optimizer,activation,dense_neurons,window
4,0.6919381022453308,0.5058419108390808,0.2795787453651428,0.4771977961063385,0.34458687901496887,0.5111721754074097,0.6930351853370667,0.5069252252578735,0.24787785112857819,0.22857141494750977,0.2169129103422165,0.7137680649757385,0.001,0.01,32,0,8,25,Nadam,relu,8,5
