round_epochs,loss,accuracy,precision,recall,f1,specificity,val_loss,val_accuracy,val_precision,val_recall,val_f1,val_specificity,lr,lr,neurons,dropout,batch_size,epochs,optimizer,activation,dense_neurons,window
4,0.6919381022453308,0.5058419108390808,0.2795787453651428,0.4771977961063385,0.34458687901496887,0.5111721754074097,0.6930351853370667,0.5069252252578735,0.24787785112857819,0.22857141494750977,0.2169129103422165,0.7137680649757385,0.001,0.01,32,0,8,25,Nadam,relu,8,5
20,0.6921544075012207,0.5551724433898926,0.5549450516700745,1.0,0.697478711605072,0.0,0.6926892995834351,0.5196629166603088,0.519444465637207,1.0,0.6675440073013306,0.0,0.0003678792,0.01,32,0,8,25,Nadam,relu,8,10
8,0.6918293833732605,0.5420430898666382,0.47648146748542786,0.8184523582458496,0.5829370021820068,0.18888889253139496,0.6927931904792786,0.5449275374412537,0.38676947355270386,0.6404221057891846,0.47025230526924133,0.3185606002807617,0.001,0.01,32,0,8,25,Nadam,relu,8,21
